{"nodes":[{"ip":"170215","type":"HI","id":0,"highlight":true},{"ip":"17218","type":"src","id":1,"highlight":true},{"ip":"172145","type":"HI","id":2},{"ip":"172141","type":"HI","id":3},{"ip":"172139","type":"HI","id":4},{"ip":"172137","type":"HI","id":5},{"ip":"172138","type":"HI","id":6},{"ip":"172147","type":"HI","id":7},{"ip":"172142","type":"HI","id":8},{"ip":"172146","type":"HI","id":9},{"ip":"172144","type":"HI","id":10},{"ip":"172140","type":"HI","id":11},{"ip":"172151","type":"HI","id":12},{"ip":"172149","type":"HI","id":13},{"ip":"172148","type":"HI","id":14},{"ip":"172143","type":"HI","id":15},{"ip":"172152","type":"HI","id":16},{"ip":"172150","type":"HI","id":17},{"ip":"","type":"HI","id":18},{"ip":"165186","type":"src","id":19},{"ip":"181119","type":"src","id":20},{"ip":"165191","type":"src","id":21},{"ip":"172155","type":"src","id":22},{"ip":"181180","type":"src","id":23},{"ip":"165185","type":"src","id":24},{"ip":"16493","type":"src","id":25},{"ip":"181164","type":"src","id":26},{"ip":"181176","type":"HI","id":27},{"ip":"165184","type":"HI","id":28},{"ip":"181175","type":"HI","id":29},{"ip":"181174","type":"HI","id":30},{"type":"HI","id":31},{"ip":"165227","type":"HI","id":32},{"ip":"181173","type":"HI","id":33},{"ip":"181169","type":"HI","id":34}],"links":[{"source_":"170215","target_":"17218","source":0,"target":1,"value":5},{"source_":"17218","target_":"172145","source":1,"target":2,"value":5},{"source_":"17218","target_":"172141","source":1,"target":3,"value":5},{"source_":"17218","target_":"172139","source":1,"target":4,"value":5},{"source_":"17218","target_":"172137","source":1,"target":5,"value":5},{"source_":"17218","target_":"172138","source":1,"target":6,"value":5},{"source_":"17218","target_":"172147","source":1,"target":7,"value":5},{"source_":"17218","target_":"172142","source":1,"target":8,"value":5},{"source_":"17218","target_":"172146","source":1,"target":9,"value":5},{"source_":"17218","target_":"172144","source":1,"target":10,"value":5},{"source_":"17218","target_":"172140","source":1,"target":11,"value":5},{"source_":"17218","target_":"172151","source":1,"target":12,"value":5},{"source_":"17218","target_":"172149","source":1,"target":13,"value":5},{"source_":"17218","target_":"172148","source":1,"target":14,"value":5},{"source_":"17218","target_":"172143","source":1,"target":15,"value":5},{"source_":"17218","target_":"172152","source":1,"target":16,"value":5},{"source_":"17218","target_":"172150","source":1,"target":17,"value":5},{"source_":"17218","target_":"","source":1,"target":18,"value":5},{"source_":"","target_":"165186","source":18,"target":19,"value":5},{"source_":"","target_":"181119","source":18,"target":20,"value":5},{"source_":"","target_":"165191","source":18,"target":21,"value":5},{"source_":"","target_":"172155","source":18,"target":22,"value":5},{"source_":"","target_":"181180","source":18,"target":23,"value":5},{"source_":"","target_":"165185","source":18,"target":24,"value":5},{"source_":"","target_":"16493","source":18,"target":25,"value":5},{"source_":"","target_":"181164","source":18,"target":26,"value":5},{"source_":"181164","target_":"181176","source":26,"target":27,"value":5},{"source_":"16493","target_":"165184","source":25,"target":28,"value":5},{"source_":"16493","target_":"181175","source":25,"target":29,"value":5},{"source_":"16493","target_":"181174","source":25,"target":30,"value":5},{"source_":"16493","target_":"172150","source":25,"target":17,"value":5},{"source_":"16493","source":25,"target":31,"value":5},{"source_":"165191","target_":"165227","source":21,"target":32,"value":5},{"source_":"181119","target_":"181173","source":20,"target":33,"value":5},{"source_":"181119","target_":"181169","source":20,"target":34,"value":5}]}